differenze,0.01196989868089037
continuò,0.01196989868089037
venivano,0.01196989868089037
differenza,0.01196989868089037
sistema,0.02393979736178074
basare,0.01196989868089037
separazione,0.01196989868089037
ispirazione,0.02393979736178074
del,0.01196989868089037
autori,0.01196989868089037
fondamentali,0.01196989868089037
moderno,0.01196989868089037
teoriche,0.01196989868089037
riformista,0.02393979736178074
casi,0.01196989868089037
denominazione,0.01196989868089037
occhi,0.01196989868089037
basti,0.01196989868089037
alveo,0.01196989868089037
antecedenti,0.01196989868089037
comunismo,0.0837892907662326
karl,0.02393979736178074
promuovere,0.01196989868089037
usano,0.01196989868089037
rivoluzionaria,0.01196989868089037
proposizioni,0.01196989868089037
produzione,0.02393979736178074
collettivo,0.01196989868089037
utopistico,0.02393979736178074
rivoluzionario,0.02393979736178074
sinonimo,0.01196989868089037
volevano,0.01196989868089037
mancano,0.01196989868089037
espressioni,0.01196989868089037
volte,0.01196989868089037
prevedono,0.01196989868089037
particolare,0.01196989868089037
fourier,0.01196989868089037
evidenziare,0.02393979736178074
privata,0.02393979736178074
chiamano,0.01196989868089037
popper,0.01196989868089037
definiscono,0.02393979736178074
leggi,0.02393979736178074
prendevano,0.01196989868089037
differenti,0.01196989868089037
marxismo,0.01196989868089037
proprietà,0.02393979736178074
lotta,0.02393979736178074
programma,0.008790324458138326
affatto,0.01196989868089037
movimento,0.01196989868089037
ricordare,0.01196989868089037
operano,0.01196989868089037
contemporaneo,0.01196989868089037
egualitarismo,0.01196989868089037
generali,0.01196989868089037
pubblicazione,0.01196989868089037
rivoluzione,0.02393979736178074
assenza,0.01196989868089037
divengono,0.01196989868089037
partito,0.09575918944712296
capitalistica,0.01196989868089037
posizioni,0.008790324458138326
principi,0.01196989868089037
società,0.04787959472356148
proponeva,0.01196989868089037
partiti,0.03590969604267111
rapporti,0.008790324458138326
effetti,0.01196989868089037
manifesto,0.03590969604267111
marxista,0.01196989868089037
opera,0.01196989868089037
invece,0.006930392769568765
marxiste,0.01196989868089037
scientifico,0.03590969604267111
di,0.017580648916276653
distacco,0.01196989868089037
fatti,0.01196989868089037
nascita,0.01196989868089037
teorie,0.05984949340445185
trasformazione,0.01196989868089037
socialdemocratico,0.02393979736178074
diffuse,0.01196989868089037
rimanere,0.01196989868089037
semplicemente,0.01196989868089037
operaio,0.03590969604267111
parla,0.01196989868089037
poggiano,0.01196989868089037
uso,0.01196989868089037
russo,0.03590969604267111
esistente,0.01196989868089037
abolizione,0.01196989868089037
definitiva,0.01196989868089037
sostenitori,0.01196989868089037
usato,0.01196989868089037
engels,0.01196989868089037
modo,0.02393979736178074
fatto,0.008790324458138326
storico,0.008790324458138326
mondo,0.01196989868089037
assunse,0.01196989868089037
origine,0.01196989868089037
svolge,0.01196989868089037
possesso,0.01196989868089037
ottocento,0.01196989868089037
scientifica,0.01196989868089037
suddivisione,0.01196989868089037
criticato,0.01196989868089037
antichità,0.01196989868089037
internazionale,0.01196989868089037
mezzi,0.02393979736178074
riformatore,0.01196989868089037
denominati,0.01196989868089037
idea,0.01196989868089037
avvenne,0.01196989868089037
idee,0.02393979736178074
descrivere,0.01196989868089037
riforme,0.01196989868089037
termine,0.01196989868089037
obiettivo,0.01196989868089037
affermazioni,0.01196989868089037
proudhon,0.01196989868089037
cambiare,0.01196989868089037
iniziativa,0.01196989868089037
socialisti,0.02393979736178074
industriale,0.02393979736178074
lenin,0.01196989868089037
termini,0.04787959472356148
caratteristiche,0.01196989868089037
possono,0.01196989868089037
utopie,0.01196989868089037
critica,0.008790324458138326
sociale,0.02393979736178074
basa,0.01196989868089037
marx,0.01196989868089037
socialismo,0.13166888548979408
capitalista,0.01196989868089037
comune,0.01196989868089037
comunista,0.0837892907662326
viene,0.01196989868089037
affermarsi,0.01196989868089037
classi,0.03590969604267111
comunisti,0.02393979736178074